,α,ν,λ,r,α_a,β,β_a,nll,aic,bic
0,0.297569570655026,1.0,0.13236712277521648,0.1,0.0,2.1777891658293176,20.0,80.56299190505958,175.12598381011915,1421.1259838101191
