,α,ν,λ,r,α_a,β,β_a,nll,aic,bic
0,0.0,1.0,0.7754276892711692,1.0031766257373478,0.0,9.139890309405734,0.0,113.16923283116003,240.33846566232006,1486.33846566232
