,α,ν,λ,r,α_a,β,β_a,nll,aic,bic
0,1.0,0.0,0.22573504539044037,0.95443610450866,0.0,12.55949466963654,0.0,44.07980015384292,102.15960030768584,1348.1596003076859
