,α,ν,λ,r,α_a,β,β_a,nll,aic,bic
0,0.0738492047260331,0.0,1.0,10.0,1.0,3.36793957244428,0.0,105.27313306295224,224.54626612590448,1470.5462661259044
