,α,ν,λ,r,α_a,β,β_a,nll,aic,bic
0,0.0,1.0,0.7582477370385137,0.1,0.0,10.828316233009573,0.0,57.856601866404986,129.71320373280997,1375.71320373281
