,α,ν,λ,r,α_a,β,β_a,nll,aic,bic
0,1.0,0.0,0.02868864687746585,1.0972793510841812,0.0,4.061196309651322,0.0,96.25269849179817,206.50539698359634,1452.5053969835963
