,α,λ,r,α_a,β,β_a,nll,aic,bic
0,0.1620638162622803,0.8409591246933803,0.1,1.0,6.929871873751475,0.48586887607950985,54.85265822944088,121.70531645888175,1189.7053164588817
