,α,λ,r,α_a,β,β_a,nll,aic,bic
0,0.10671955022838803,0.4021731581976169,0.8726902113655209,0.0,5.613026384933541,0.0,89.62772516955413,191.25545033910825,1259.2554503391082
