,α,λ,r,α_a,β,β_a,nll,aic,bic
0,0.0,0.10161730179197603,1.0032070861442164,1.0,2.2851330477632525,0.002087074281924127,113.16914773388731,238.33829546777463,1306.3382954677745
