,α,λ,r,α_a,β,β_a,nll,aic,bic
0,0.14368365576530998,0.32735255905133315,10.0,0.00040556644849116565,7.763506320900151,20.0,101.1160172809565,214.232034561913,1282.232034561913
