,α,λ,r,α_a,β,β_a,nll,aic,bic
0,0.0,0.0,3.5639912360576145,1.0,20.0,0.08823527782327614,98.48568045830095,208.9713609166019,1276.971360916602
