,α,λ,r,α_a,β,β_a,nll,aic,bic
0,0.21573577470699473,0.10619959736882553,0.1,0.0,2.115856510838296,5.730364816475801,80.70468978141558,173.40937956283116,1241.4093795628312
