,α,λ,r,α_a,β,β_a,nll,aic,bic
0,1.0,0.21837924851892537,2.6204127554724645,0.0003316926674643972,3.076328209231434,20.0,112.106424495069,236.212848990138,1304.212848990138
