,α,λ,r,α_a,β,β_a,nll,aic,bic
0,0.00022921666599288852,0.7238451251791598,6.659547550698259,0.0,20.0,0.0,122.53760397226462,257.0752079445292,1325.0752079445292
