,α,λ,r,α_a,β,β_a,nll,aic,bic
0,0.27984686606505454,1.0,10.0,0.1370187830531923,3.6812852948599293,1.5410644222454633,60.59800514907567,133.19601029815135,1201.1960102981514
