,α,λ,r,α_a,β,β_a,nll,aic,bic
0,0.04148390457130735,0.5231950953401936,0.6546285494984639,0.0,13.230825854027865,0.0,50.47711854126214,112.95423708252429,1180.9542370825243
