,α,λ,r,α_a,β,β_a,nll,aic,bic
0,0.0,0.820434801430825,0.1,0.07421091678051771,14.578381630312947,0.0,57.85660186640502,127.71320373281004,1195.7132037328101
