,α,λ,r,α_a,β,β_a,nll,aic,bic
0,0.4235833435024785,0.7115035821699589,2.704253816895914,0.0,3.7946228180124035,0.0,80.20055287037287,172.40110574074575,1240.4011057407458
