,α,λ,r,α_a,β,β_a,nll,aic,bic
0,0.8144919301227306,0.06812386932899452,10.0,1.0,13.25667049286177,0.0007906577403382734,110.09079411982736,232.18158823965473,1300.1815882396547
