,α,λ,r,α_a,β,β_a,nll,aic,bic
0,0.03838680945652635,0.2563445628044119,1.417329594889479,0.0,5.391099075435598,0.0,101.02229058254876,214.04458116509753,1282.0445811650975
