,α,λ,r,α_a,β,β_a,nll,aic,bic
0,0.6410161103931323,0.0,1.7152654668247813,0.0,3.8179358192071993,0.0,109.82306775023334,231.64613550046667,1299.6461355004667
