,α,λ,r,α_a,β,β_a,nll,aic,bic
0,0.6405945045000843,0.0,1.487477611777282,1.0,1.8888882167351304,0.12352509534880551,118.83362891700058,249.66725783400116,1317.6672578340012
