,α,λ,r,α_a,β,β_a,nll,aic,bic
0,0.0,0.8029143050176079,0.24669313300827928,1.0,5.087927492509634,0.3749585231521986,112.56092422954167,237.12184845908334,1305.1218484590834
