,α,λ,r,α_a,β,β_a,nll,aic,bic
0,0.0,0.09938334373302435,0.2739790680996313,1.0,0.5704750729905259,0.6242429486160209,113.61131811199895,239.2226362239979,1307.2226362239978
