,α,λ,r,α_a,β,β_a,nll,aic,bic
0,0.3173542804355614,1.0,10.0,0.1961928866165963,0.475613585854929,1.2201168136890612,116.23530901282665,244.4706180256533,1312.4706180256533
