,α,λ,r,α_a,β,β_a,nll,aic,bic
0,1.0,0.02868878722019444,1.0972810766659047,0.0,4.0612055421561495,0.0,96.25269849178079,204.50539698356158,1272.5053969835617
