,α,λ,r,α_a,β,β_a,nll,aic,bic
0,0.711705813352323,1.0,4.343506500868907,0.0,0.06928522808488716,0.0,124.69819716340201,261.39639432680406,1329.396394326804
