,α,λ,r,α_a,β,β_a,nll,aic,bic
0,1.0,0.22573507073425886,0.9544359794146963,0.0,12.559494817758488,0.0,44.079800153842854,100.15960030768571,1168.1596003076857
