,α,λ,r,α_a,β,β_a,nll,aic,bic
0,0.3713413902479601,1.0,10.0,0.031743799563520414,2.2135830880354193,2.1630007614632456,78.68868009171439,169.37736018342878,1237.3773601834287
