,α,λ,r,α_a,β,β_a,nll,aic,bic
0,1.0,0.7919270374988981,0.4103154527102678,0.0,0.9649145863119559,0.0,112.402420470268,236.804840940536,1304.804840940536
