,α,λ,r,α_a,β,β_a,nll,aic,bic
0,0.0009618568017078454,0.845746748567515,0.22176327045023325,0.00010496319704232402,20.0,20.0,59.403290074181776,130.80658014836354,1198.8065801483635
