,α,λ,r,α_a,β,β_a,nll,aic,bic
0,0.2370539652566924,0.5099315736020333,0.1,1.0,2.828503358558731,0.4754382560353207,91.27708949898016,194.55417899796032,1262.5541789979602
