,α,λ,r,α_a,β,β_a,nll,aic,bic
0,0.07384920387756314,1.0,10.0,0.0,3.367939660667446,0.0,105.27313306295218,222.54626612590437,1290.5462661259044
